Assembly,Part Name,Part Number
2ND SEAT,BOLT. BOLT(W/WASHER),1125108206K
2ND SEAT,SCREW-TAPPING. T/SCREW. T/SCREW-FLANGE HEAD,1249705103
2ND SEAT,SCREW-TAPPING,1249304183
2ND SEAT,SCREW-TAPPING,1249304183
2ND SEAT,BUSH-FR SEAT HINGE. STAPLE CLIP,8862711201
2ND SEAT,"COVER ASSY-SHIELD OT. COVER ASSY-SHIELD OTR,LH (BLACK)",89010P2000WK
2ND SEAT,"COVER ASSY-SHIELD OT. COVER ASSY-SHIELD OTR,LH (MISTY GRAY (=APOLLON GRAY))",89010P2000GYT
2ND SEAT,"COVER ASSY-SHIELD OT. COVER ASSY-SHIELD OTR,RH (BLACK)",89020P2000WK
2ND SEAT,"COVER ASSY-SHIELD OT. COVER ASSY-SHIELD OTR,RH (MISTY GRAY (=APOLLON GRAY))",89020P2000GYT
2ND SEAT,"ARMREST ASSY,LH (K6,7GYT A.LEATHER)",89900P2510MRU
2ND SEAT,"ARMREST ASSY,LH (MQ4 WK A.LEATHER COOLING)",89900P2510MRL
2ND SEAT,"ARMREST ASSY-RH (K6,7GYT A.LEATHER)",89909P2510MRU
2ND SEAT,ARMREST ASSY-RH (MQ4 LEATHER N2V),89909P2510MSY
2ND SEAT,ARMREST ASSY-RH (MQ4 WK A.LEATHER COOLING),89909P2510MRL
2ND SEAT,"COVER ASSY-SHIELD IN. COVER ASSY-SHIELD INR,LH (BLACK)",89030P2500WK
2ND SEAT,"COVER ASSY-SHIELD IN. COVER ASSY-SHIELD INR,LH (MISTY GRAY (=APOLLON GRAY))",89030P2500GYT
2ND SEAT,"COVER-2ND CUSH OTR I. COVER-2ND CUSH OTR I/S,LH (BLACK)",89195P2000WK
2ND SEAT,"COVER-2ND CUSH OTR I. COVER-2ND CUSH OTR I/S,LH (MISTY GRAY (=APOLLON GRAY))",89195P2000GYT
2ND SEAT,"KNOB-RECLINER,LH (BLACK)",89194P2000WK
2ND SEAT,"KNOB-RECLINER,RH (BLACK)",89294P2000WK
2ND SEAT,"KNOB-RECLINER,RH (MISTY GRAY (=APOLLON GRAY))",89294P2000GYT
2ND SEAT,"COVER ASSY-SHIELD IN. COVER ASSY-SHIELD INR,RH (BLACK)",89040P2500WK
2ND SEAT,"COVER ASSY-SHIELD IN. COVER ASSY-SHIELD INR,RH (MISTY GRAY (=APOLLON GRAY))",89040P2500GYT
2ND SEAT,"COVER-2ND CUSH OTR I. COVER-2ND CUSH OTR I/S,RH (BLACK)",89295P2000WK
2ND SEAT,"COVER-2ND CUSH OTR I. COVER-2ND CUSH OTR I/S,RH (MISTY GRAY (=APOLLON GRAY))",89295P2000GYT
2ND SEAT,"COVER-2ND CUSH INR I. COVER-2ND CUSH INR I/S,RH (BLACK)",89298P2000WK
2ND SEAT,"COVER-2ND CUSH INR I. COVER-2ND CUSH INR I/S,RH (MISTY GRAY (=APOLLON GRAY))",89298P2000GYT
2ND SEAT,GARNISH ASSY-TETHER (BLACK),89398P2000WK
2ND SEAT,"SWITCH ASSY-2ND SEAT. SWITCH ASSY-2ND SEAT CUSH W/IN. SWITCH ASSY-2ND SEAT CUSH W/IN, LH (BLACK)",89146P2000WK
2ND SEAT,"SWITCH ASSY-2ND SEAT. SWITCH ASSY-2ND SEAT CUSH W/IN. SWITCH ASSY-2ND SEAT CUSH W/IN, LH (MISTY GRAY (=APOLLON GRAY))",89146P2000GYT
2ND SEAT,"GARNISH-RR CUSHION,L. GARNISH-RR CUSHION,LH LEVER (BLACK)",89187P2100WK
2ND SEAT,"GARNISH-RR CUSHION,L. GARNISH-RR CUSHION,LH LEVER (MISTY GRAY (=APOLLON GRAY))",89187P2100GYT
2ND SEAT,"CUSHION ASSY-2ND SEA. CUSHION ASSY-2ND SEAT,RH (K6,7GYT A.LEATHER)",89200P2570MRU
2ND SEAT,"CUSHION ASSY-2ND SEA. CUSHION ASSY-2ND SEAT,RH (MQ4H LEATHER GYT(K6,7))",89200P2600MTK
2ND SEAT,"CUSHION ASSY-2ND SEA. CUSHION ASSY-2ND SEAT,LH (K6,7GYT A.LEATHER)",89100P2570MRU
2ND SEAT,"CUSHION ASSY-2ND SEA. CUSHION ASSY-2ND SEAT,LH (MQ4 WK A.LEATHER COOLING)",89100P2570MRL
2ND SEAT,"SWITCH ASSY-2ND SEAT. SWITCH ASSY-2ND SEAT CUSH W/IN. SWITCH ASSY-2ND SEAT CUSH W/IN, RH (BLACK)",89246P2000WK
2ND SEAT,"SWITCH ASSY-2ND SEAT. SWITCH ASSY-2ND SEAT CUSH W/IN. SWITCH ASSY-2ND SEAT CUSH W/IN, RH (MISTY GRAY (=APOLLON GRAY))",89246P2000GYT
2ND SEAT,"COVERING ASSY-2ND SE. COVERING ASSY-2ND SEAT CUSH,LH (MQ4 WK A.LEATHER COOLING)",89160P2520MRL
2ND SEAT,"COVERING ASSY-2ND SE. COVERING ASSY-2ND SEAT CUSH,LH (MQ4H LEATHER GYT(K6,7))",89160P2530MTK
2ND SEAT,"COVERING ASSY-2ND SE. COVERING ASSY-2ND SEAT CUSH,RH (K6,7GYT A.LEATHER)",89260P2520MRU
2ND SEAT,"COVERING ASSY-2ND SE. COVERING ASSY-2ND SEAT CUSH,RH (MQ4 WK A.LEATHER COOLING)",89260P2520MRL
2ND SEAT,"COVERING ASSY-2ND SE. COVERING ASSY-2ND SEAT CUSH,RH (MQ4H LEATHER GYT(K6,7))",89260P2530MTK
2ND SEAT,"GARNISH-RR CUSHION,R. GARNISH-RR CUSHION,RH LEVER (BLACK)",89287P2100WK
2ND SEAT,"GARNISH-RR CUSHION,R. GARNISH-RR CUSHION,RH LEVER (MISTY GRAY (=APOLLON GRAY))",89287P2100GYT
2ND SEAT,"HOCKEY BAR COVER-RR. HOCKEY BAR COVER-RR CUSHION,RH (BLACK)",89288P2000WK
2ND SEAT,"HOCKEY BAR COVER-RR. HOCKEY BAR COVER-RR CUSHION,RH (MISTY GRAY (=APOLLON GRAY))",89288P2000GYT
2ND SEAT,"LEVER ASSY-REAR SEAT. LEVER ASSY-REAR SEAT RECL,LH (BLACK)",89016P2000WK
2ND SEAT,"LEVER ASSY-REAR SEAT. LEVER ASSY-REAR SEAT RECL,LH (MISTY GRAY (=APOLLON GRAY))",89016P2000GYT
2ND SEAT,"SWITCH ASSY-2ND SEAT BACK W/IN, LH. SWITCH-WALK IN (BLACK)",89346S9000WK
2ND SEAT,"SWITCH ASSY-2ND SEAT. SWITCH ASSY-2ND SEAT BACK W/IN. SWITCH ASSY-2ND SEAT BACK W/IN, LH (MISTY GRAY (=APOLLON GRAY))",89346S9000GYT
2ND SEAT,"BACK ASSY-2ND SEAT,R. BACK ASSY-2ND SEAT,RH (K6,7GYT A.LEATHER)",89400P2540MRU
2ND SEAT,"BACK ASSY-2ND SEAT,R. BACK ASSY-2ND SEAT,RH (MQ4 WK A.LEATHER COOLING)",89400P2540MRL
2ND SEAT,"BACK ASSY-2ND SEAT,R. BACK ASSY-2ND SEAT,RH (MQ4H LEATHER GYT(K6,7))",89400P2570MTK
2ND SEAT,"LEVER ASSY-REAR SEAT. LEVER ASSY-REAR SEAT RECL,RH (MISTY GRAY (=APOLLON GRAY))",89026P2000GYT
2ND SEAT,"SWITCH ASSY-2ND SEAT. SWITCH ASSY-2ND SEAT BACK W/IN. SWITCH ASSY-2ND SEAT BACK W/IN, RH (BLACK)",89446S9000WK
2ND SEAT,"SWITCH ASSY-2ND SEAT. SWITCH ASSY-2ND SEAT BACK W/IN. SWITCH ASSY-2ND SEAT BACK W/IN, RH (MISTY GRAY (=APOLLON GRAY))",89446S9000GYT
2ND SEAT,"COVERING ASSY-2ND BA. COVERING ASSY-2ND BACK,LH (K6,7GYT A.LEATHER)",89360P2520MRU
2ND SEAT,"COVERING ASSY-2ND BA. COVERING ASSY-2ND BACK,LH (MQ4 LEATHER N2V)",89360P2530MSY
2ND SEAT,"COVERING ASSY-2ND BA. COVERING ASSY-2ND BACK,LH (MQ4 WK A.LEATHER COOLING)",89360P2520MRL
2ND SEAT,"COVERING ASSY-2ND BA. COVERING ASSY-2ND BACK,LH (MQ4H LEATHER GYT(K6,7))",89360P2530MTK
2ND SEAT,"COVERING ASSY-2ND BA. COVERING ASSY-2ND BACK,RH (K6,7GYT A.LEATHER)",89460P2520MRU
2ND SEAT,"COVERING ASSY-2ND BA. COVERING ASSY-2ND BACK,RH (MQ4 LEATHER N2V)",89460P2530MSY
2ND SEAT,"COVERING ASSY-2ND BA. COVERING ASSY-2ND BACK,RH (MQ4 WK A.LEATHER COOLING)",89460P2520MRL
2ND SEAT,"COVERING ASSY-2ND BA. COVERING ASSY-2ND BACK,RH (MQ4H LEATHER GYT(K6,7))",89460P2530MTK
2ND SEAT,CAP (BLACK),89569P2000WK
2ND SEAT,HOUSING-RECLINER LH (BLACK),89571P2000WK
2ND SEAT,"COVER-REAR SEAT MTG. COVER-REAR SEAT MTG FR OTR,LH (BLACK)",89563P2000WK
2ND SEAT,"COVER-REAR SEAT MTG. COVER-REAR SEAT MTG FR INR,RH (BLACK)",89666P2000WK
2ND SEAT,HEADREST ASSY-REAR S. HEADREST ASSY-REAR SEAT (MQ4 LEATHER N2V),89700P4110MSY
2ND SEAT,HEADREST ASSY-REAR S. HEADREST ASSY-REAR SEAT (MQ4 WK A.LEATHER COOLING),89700P4120MRL
2ND SEAT,"HEADREST ASSY-REAR S. HEADREST ASSY-REAR SEAT (MQ4H LEATHER GYT(K6,7))",89700P4110MTK
2ND SEAT,HOUSING-RECLINER RH (BLACK),89671P2000WK
2ND SEAT,GUIDE ASSY-R/S H/RES. GUIDE ASSY-R/S H/REST W/LVR (BLACK),89721P2000WK
2ND SEAT,GUIDE ASSY-R/S H/RES. GUIDE ASSY-R/S H/REST W/LVR (MISTY GRAY (=APOLLON GRAY)),89721P2000GYT
2ND SEAT,GUIDE ASSY-R/S H/RES. GUIDE ASSY-R/S H/REST W/O LVR (MISTY GRAY (=APOLLON GRAY)),89722P2000GYT
2ND SEAT,"BOARD ASSY-2RD SEAT BACK,LH. CAP-REAR SEAT ARMRES. CAP-REAR SEAT ARMREST,LH (BLACK)",89980P2500WK
2ND SEAT,"BOARD ASSY-2RD SEAT BACK,LH. CAP-REAR SEAT ARMRES. CAP-REAR SEAT ARMREST,LH (MISTY GRAY (=APOLLON GRAY))",89980P2500GYT
2ND SEAT,"BOARD ASSY-2RD SEAT BACK,RH. CAP-REAR SEAT ARMRES. CAP-REAR SEAT ARMREST,RH (BLACK)",89981P2500WK
2ND SEAT,"BOARD ASSY-2RD SEAT BACK,RH. CAP-REAR SEAT ARMRES. CAP-REAR SEAT ARMREST,RH (MISTY GRAY (=APOLLON GRAY))",89981P2500GYT
2ND SEAT,"BACK ASSY-2ND SEAT,L. BACK ASSY-2ND SEAT,LH (K6,7GYT A.LEATHER)",89300P2540MRU
2ND SEAT,"BACK ASSY-2ND SEAT,L. BACK ASSY-2ND SEAT,LH (MQ4 WK A.LEATHER COOLING)",89300P2540MRL
2ND SEAT,"COVER-REAR SEAT MTG. COVER-REAR SEAT MTG FR OTR,RH (BLACK)",89663P2000WK
2ND SEAT,BOLT. BOLT-WASHER ASSY,1130208206K
2ND SEAT,BOLT,1140610303
2ND SEAT,BOLT,2151635010
2ND SEAT,SCREW-TAPPING. T/SCREW. T/SCREW-FLANGE HEAD,1249705103
2ND SEAT,NUT,K9YB160601
2ND SEAT,NUT. NUT-FLANGE,1338608007K
2ND SEAT,BUSH-FR SEAT HINGE. STAPLE CLIP,8862711201
2ND SEAT,"COVER ASSY-SHIELD OT. COVER ASSY-SHIELD OTR,LH (BLACK)",89010R5000WK
2ND SEAT,"COVER ASSY-SHIELD OT. COVER ASSY-SHIELD OTR,LH (MISTY GRAY (=APOLLON GRAY))",89010R5000GYT
2ND SEAT,"COVER ASSY-SHIELD OT. COVER ASSY-SHIELD OTR,RH (BLACK)",89020R5000WK
2ND SEAT,"COVER ASSY-SHIELD OT. COVER ASSY-SHIELD OTR,RH (MISTY GRAY (=APOLLON GRAY))",89020R5000GYT
2ND SEAT,"ARMREST ASSY,LH ()",89900R5510MC3
2ND SEAT,"ARMREST ASSY,LH (MQ4 PE NA ALETHER)",89900R5510MD2
2ND SEAT,"ARMREST ASSY,LH (MQ4A PE GSG QUILTING)",89900R5520MD9
2ND SEAT,"ARMREST ASSY,LH (MQ4A PE PRO GREEN)",89900R5520MF2
2ND SEAT,"ARMREST ASSY,LH (MQ4A PE WK QUILTING)",89900R5520MEF
2ND SEAT,"ARMREST ASSY,LH (MQ4APE XPRO QUILTING MY7)",89900R5520ME9
2ND SEAT,"ARMREST ASSY,LH (MQ4APE XPRO QUILTING WK)",89900R5520ME8
2ND SEAT,"ARMREST ASSY,LH (MQA PE MY7 QUILTING)",89900R5520MED
2ND SEAT,ARMREST ASSY-RH (),89900R5610MC3
2ND SEAT,ARMREST ASSY-RH (MQ4 PE NA ALETHER),89900R5610MD2
2ND SEAT,ARMREST ASSY-RH (MQ4A PE GSG QUILTING),89900R5620MD9
2ND SEAT,ARMREST ASSY-RH (MQ4A PE PRO GREEN),89900R5620MF2
2ND SEAT,ARMREST ASSY-RH (MQ4A PE WK QUILTING),89900R5620MEF
2ND SEAT,ARMREST ASSY-RH (MQ4APE XPRO QUILTING MY7),89900R5620ME9
2ND SEAT,ARMREST ASSY-RH (MQ4APE XPRO QUILTING WK),89900R5620ME8
2ND SEAT,ARMREST ASSY-RH (MQA PE MY7 QUILTING),89900R5620MED
2ND SEAT,"COVER ASSY-SHIELD IN. COVER ASSY-SHIELD INR,LH (BLACK)",89030R5100WK
2ND SEAT,"COVER ASSY-SHIELD IN. COVER ASSY-SHIELD INR,LH (BLACK)",89192R5000WK
2ND SEAT,"COVER ASSY-SHIELD IN. COVER ASSY-SHIELD INR,LH (MISTY GRAY (=APOLLON GRAY))",89192R5000GYT
2ND SEAT,"COVER ASSY-SHIELD IN. COVER ASSY-SHIELD INR,LH (MISTY GRAY (=APOLLON GRAY))",89030R5100GYT
2ND SEAT,"COVER-2ND CUSH OTR I. COVER-2ND CUSH OTR I/S,LH (BLACK)",89195R5000WK
2ND SEAT,"COVER-2ND CUSH OTR I. COVER-2ND CUSH OTR I/S,LH (MISTY GRAY (=APOLLON GRAY))",89195R5000GYT
2ND SEAT,"COVER-2ND CUSH INR O. COVER-2ND CUSH INR O/S,LH (BLACK)",89644R5000WK
2ND SEAT,"COVER-2ND CUSH INR O. COVER-2ND CUSH INR O/S,LH (BLACK)",89644R5100WK
2ND SEAT,"KNOB-RECLINER,LH (BLACK)",89194R5000WK
2ND SEAT,"KNOB-RECLINER,LH (MISTY GRAY (=APOLLON GRAY))",89194R5000GYT
2ND SEAT,"KNOB-RECLINER,RH (BLACK)",89294R5000WK
2ND SEAT,"KNOB-RECLINER,RH (MISTY GRAY (=APOLLON GRAY))",89294R5000GYT
2ND SEAT,"COVER ASSY-SHIELD IN. COVER ASSY-SHIELD INR,RH (BLACK)",89040R5000WK
2ND SEAT,"COVER ASSY-SHIELD IN. COVER ASSY-SHIELD INR,RH (BLACK)",89040R5500WK
2ND SEAT,"COVER ASSY-SHIELD IN. COVER ASSY-SHIELD INR,RH (MISTY GRAY (=APOLLON GRAY))",89040R5500GYT
2ND SEAT,"COVER ASSY-SHIELD IN. COVER ASSY-SHIELD INR,RH (MISTY GRAY (=APOLLON GRAY))",89040R5000GYT
2ND SEAT,"COVER-2ND CUSH OTR I. COVER-2ND CUSH OTR I/S,RH",89295R5000
2ND SEAT,"SWITCH ASSY-2ND SEAT. SWITCH ASSY-2ND SEAT CUSH W/IN. SWITCH ASSY-2ND SEAT CUSH W/IN, LH (BLACK)",89146P2000WK
2ND SEAT,"SWITCH ASSY-2ND SEAT. SWITCH ASSY-2ND SEAT CUSH W/IN. SWITCH ASSY-2ND SEAT CUSH W/IN, LH (MISTY GRAY (=APOLLON GRAY))",89146P2000GYT
2ND SEAT,"PAD ASSY-REAR SEAT C. PAD ASSY-REAR SEAT CUSHION,LH",89151R5500
2ND SEAT,"PAD ASSY-REAR SEAT C. PAD ASSY-REAR SEAT CUSHION,RH",89251R5000
2ND SEAT,"HEATER-REAR SEAT CUS. HEATER-REAR SEAT CUSH,LH",89170R5000
2ND SEAT,"GARNISH-RR CUSHION,L. GARNISH-RR CUSHION,LH LEVER (BLACK)",89187R5100WK
2ND SEAT,"GARNISH-RR CUSHION,L. GARNISH-RR CUSHION,LH LEVER (MISTY GRAY (=APOLLON GRAY))",89187R5100GYT
2ND SEAT,"HOCKEY BAR COVER-RR. HOCKEY BAR COVER-RR CUSHION,LH",89188R5000
2ND SEAT,"CUSHION ASSY-2ND SEAT,RH ()",89200R5920MC3
2ND SEAT,"CUSHION ASSY-2ND SEAT,RH ()",89200R5620MC3
2ND SEAT,"CUSHION ASSY-2ND SEAT,RH (MQ4 PE NA ALETHER)",89200R5920MD2
2ND SEAT,"CUSHION ASSY-2ND SEAT,RH (MQ4A PE GSG QUILTING)",89200R5530MD9
2ND SEAT,"CUSHION ASSY-2ND SEAT,RH (MQ4A PE PRO GREEN)",89200R5530MF2
2ND SEAT,"CUSHION ASSY-2ND SEAT,RH (MQ4A PE WK QUILTING)",89200R5530MEF
2ND SEAT,"CUSHION ASSY-2ND SEAT,RH (MQ4A PE WOVEN)",89200R5720MDQ
2ND SEAT,"CUSHION ASSY-2ND SEAT,RH (MQ4APE XPRO QUILTING MY7)",89200R5530ME9
2ND SEAT,"CUSHION ASSY-2ND SEAT,RH (MQA PE MY7 QUILTING)",89200R5530MED
2ND SEAT,"CUSHION ASSY-2ND SEAT,LH ()",89100R5620MC3
2ND SEAT,"CUSHION ASSY-2ND SEAT,LH ()",89100R5920MC3
2ND SEAT,"CUSHION ASSY-2ND SEAT,LH (MQ4 PE NA ALETHER)",89100R5920MD2
2ND SEAT,"CUSHION ASSY-2ND SEAT,LH (MQ4 PE NA ALETHER)",89100R5620MD2
2ND SEAT,"CUSHION ASSY-2ND SEAT,LH (MQ4A PE GSG QUILTING)",89100R5530MD9
2ND SEAT,"CUSHION ASSY-2ND SEAT,LH (MQ4A PE PRO GREEN)",89100R5530MF2
2ND SEAT,"CUSHION ASSY-2ND SEAT,LH (MQ4A PE WK QUILTING)",89100R5530MEF
2ND SEAT,"CUSHION ASSY-2ND SEAT,LH (MQ4APE XPRO QUILTING MY7)",89100R5530ME9
2ND SEAT,"CUSHION ASSY-2ND SEAT,LH (MQ4APE XPRO QUILTING WK)",89100R5530ME8
2ND SEAT,"CUSHION ASSY-2ND SEAT,LH (MQA PE MY7 QUILTING)",89100R5530MED
2ND SEAT,"SWITCH ASSY-2ND SEAT. SWITCH ASSY-2ND SEAT CUSH W/IN. SWITCH ASSY-2ND SEAT CUSH W/IN, RH (BLACK)",89246P2000WK
2ND SEAT,"SWITCH ASSY-2ND SEAT. SWITCH ASSY-2ND SEAT CUSH W/IN. SWITCH ASSY-2ND SEAT CUSH W/IN, RH (MISTY GRAY (=APOLLON GRAY))",89246P2000GYT
2ND SEAT,"COVERING ASSY-2ND SEAT CUSH,LH ()",89160R5011MC3
2ND SEAT,"COVERING ASSY-2ND SEAT CUSH,LH ()",89160R5111MC3
2ND SEAT,"COVERING ASSY-2ND SEAT CUSH,LH (MQ4 PE NA ALETHER)",89160R5111MD2
2ND SEAT,"COVERING ASSY-2ND SEAT CUSH,LH (MQ4A PE GSG QUILTING)",89160R5121MD9
2ND SEAT,"COVERING ASSY-2ND SEAT CUSH,LH (MQ4A PE PRO GREEN)",89160R5121MF2
2ND SEAT,"COVERING ASSY-2ND SEAT CUSH,LH (MQ4A PE WK QUILTING)",89160R5121MEF
2ND SEAT,"COVERING ASSY-2ND SEAT CUSH,LH (MQ4A PE WOVEN)",89160R5001MDQ
2ND SEAT,"COVERING ASSY-2ND SEAT CUSH,LH (MQ4APE XPRO QUILTING WK)",89160R5121ME8
2ND SEAT,"COVERING ASSY-2ND SEAT CUSH,LH (MQA PE MY7 QUILTING)",89160R5121MED
2ND SEAT,"COVERING ASSY-2ND SEAT CUSH,RH ()",89260R5011MC3
2ND SEAT,"COVERING ASSY-2ND SEAT CUSH,RH ()",89260R5111MC3
2ND SEAT,"COVERING ASSY-2ND SEAT CUSH,RH (MQ4 PE NA ALETHER)",89260R5111MD2
2ND SEAT,"COVERING ASSY-2ND SEAT CUSH,RH (MQ4 PE NA ALETHER)",89260R5011MD2
2ND SEAT,"COVERING ASSY-2ND SEAT CUSH,RH (MQ4A PE GSG QUILTING)",89260R5121MD9
2ND SEAT,"COVERING ASSY-2ND SEAT CUSH,RH (MQ4A PE PRO GREEN)",89260R5121MF2
2ND SEAT,"COVERING ASSY-2ND SEAT CUSH,RH (MQ4A PE WK QUILTING)",89260R5121MEF
2ND SEAT,"COVERING ASSY-2ND SEAT CUSH,RH (MQ4A PE WOVEN)",89260R5001MDQ
2ND SEAT,"COVERING ASSY-2ND SEAT CUSH,RH (MQ4APE XPRO QUILTING MY7)",89260R5121ME9
2ND SEAT,"COVERING ASSY-2ND SEAT CUSH,RH (MQA PE MY7 QUILTING)",89260R5121MED
2ND SEAT,"GARNISH-RR CUSHION,R. GARNISH-RR CUSHION,RH LEVER (BLACK)",89287R5100WK
2ND SEAT,"GARNISH-RR CUSHION,R. GARNISH-RR CUSHION,RH LEVER (MISTY GRAY (=APOLLON GRAY))",89287R5100GYT
2ND SEAT,"HOCKEY BAR COVER-RR. HOCKEY BAR COVER-RR CUSHION,RH",89288R5000
2ND SEAT,BACK ASSY-RR SEAT LH (),89300R5540MC3
2ND SEAT,BACK ASSY-RR SEAT LH (),89300R5640MC3
2ND SEAT,BACK ASSY-RR SEAT LH (MQ4 PE NA ALETHER),89300R5640MD2
2ND SEAT,BACK ASSY-RR SEAT LH (MQ4A PE GSG QUILTING),89300R5530MD9
2ND SEAT,BACK ASSY-RR SEAT LH (MQ4A PE PRO GREEN),89300R5530MF2
2ND SEAT,BACK ASSY-RR SEAT LH (MQ4A PE WK QUILTING),89300R5530MEF
2ND SEAT,BACK ASSY-RR SEAT LH (MQ4A PE WOVEN),89300R5600MDQ
2ND SEAT,BACK ASSY-RR SEAT LH (MQ4APE XPRO QUILTING MY7),89300R5530ME9
2ND SEAT,BACK ASSY-RR SEAT LH (MQ4APE XPRO QUILTING WK),89300R5530ME8
2ND SEAT,BACK ASSY-RR SEAT LH (MQA PE MY7 QUILTING),89300R5530MED
2ND SEAT,FRAME ASSY-RR SEAT BACK LH (BLACK),89310R5210WK
2ND SEAT,FRAME ASSY-RR SEAT BACK LH (BLACK),89310R5110WK
2ND SEAT,FRAME ASSY-RR SEAT BACK LH (MISTY GRAY (=APOLLON GRAY)),89310R5210GYT
2ND SEAT,FRAME ASSY-RR SEAT BACK LH (MISTY GRAY (=APOLLON GRAY)),89310R5110GYT
2ND SEAT,"FRAME ASSY-RR SEAT BACK,RH (BLACK)",89410R5110WK
2ND SEAT,"FRAME ASSY-RR SEAT BACK,RH (BLACK)",89410R5210WK
2ND SEAT,"CAP-REAR SEAT RECLIN. CAP-REAR SEAT RECLINER KNOB,LH (BLACK)",89196R5000WK
2ND SEAT,CAP-COVER,89569R5000
2ND SEAT,"SWITCH ASSY-2ND SEAT BACK W/IN, LH. SWITCH-WALK IN (BLACK)",89346S9000WK
2ND SEAT,"PAD-REAR SEAT BACK,LH",89351R5510
2ND SEAT,"PAD-REAR SEAT BACK,RH",89451R5310
2ND SEAT,"PAD-REAR SEAT BACK,RH",89451R5510
2ND SEAT,"FRAME ASSY-ARM REST,. FRAME ASSY-ARM REST,LH",899112JPE0
2ND SEAT,"HEATER-REAR SEAT BAC. HEATER-REAR SEAT BACK,LH",89370R5000
2ND SEAT,COVER-2ND BACK CTR S. COVER-2ND BACK CTR S/BELT (BLACK),89362S2000WK
2ND SEAT,"COVERING-RR SEAT BACK, LH ()",89360R5170MC3
2ND SEAT,"COVERING-RR SEAT BACK, LH ()",89360R5270MC3
2ND SEAT,"COVERING-RR SEAT BACK, LH (MQ4 PE NA ALETHER)",89360R5270MD2
2ND SEAT,"COVERING-RR SEAT BACK, LH (MQ4A PE GSG QUILTING)",89360R5180MD9
2ND SEAT,"COVERING-RR SEAT BACK, LH (MQ4A PE PRO GREEN)",89360R5180MF2
2ND SEAT,"COVERING-RR SEAT BACK, LH (MQ4A PE WK QUILTING)",89360R5180MEF
2ND SEAT,"COVERING-RR SEAT BACK, LH (MQ4APE XPRO QUILTING MY7)",89360R5180ME9
2ND SEAT,"COVERING-RR SEAT BACK, LH (MQ4APE XPRO QUILTING WK)",89360R5180ME8
2ND SEAT,"COVERING-RR SEAT BACK, LH (MQA PE MY7 QUILTING)",89360R5180MED
2ND SEAT,"COVERING-RR SEAT BACK,RH ()",89460R5170MC3
2ND SEAT,"COVERING-RR SEAT BACK,RH ()",89460R5270MC3
2ND SEAT,"COVERING-RR SEAT BACK,RH (MQ4 PE NA ALETHER)",89460R5270MD2
2ND SEAT,"COVERING-RR SEAT BACK,RH (MQ4A PE GSG QUILTING)",89460R5180MD9
2ND SEAT,"COVERING-RR SEAT BACK,RH (MQ4A PE PRO GREEN)",89460R5180MF2
2ND SEAT,"COVERING-RR SEAT BACK,RH (MQ4A PE WK QUILTING)",89460R5180MEF
2ND SEAT,"COVERING-RR SEAT BACK,RH (MQ4A PE WOVEN)",89460R5260MDQ
2ND SEAT,"COVERING-RR SEAT BACK,RH (MQ4APE XPRO QUILTING MY7)",89460R5180ME9
2ND SEAT,"COVERING-RR SEAT BACK,RH (MQA PE MY7 QUILTING)",89460R5180MED
2ND SEAT,NUT-2ND BACK TRTRACT. NUT-2ND BACK TRTRACTOR,893982B000
2ND SEAT,BACK ASSY-RR SEAT RH (MQ4 PE NA ALETHER),89400R5640MD2
2ND SEAT,BACK ASSY-RR SEAT RH (MQ4A PE GSG QUILTING),89400R5530MD9
2ND SEAT,BACK ASSY-RR SEAT RH (MQ4A PE PRO GREEN),89400R5530MF2
2ND SEAT,BACK ASSY-RR SEAT RH (MQ4A PE WK QUILTING),89400R5530MEF
2ND SEAT,BACK ASSY-RR SEAT RH (MQ4A PE WOVEN),89400R5600MDQ
2ND SEAT,BACK ASSY-RR SEAT RH (MQ4APE XPRO QUILTING MY7),89400R5530ME9
2ND SEAT,BACK ASSY-RR SEAT RH (MQ4APE XPRO QUILTING WK),89400R5530ME8
2ND SEAT,BACK ASSY-RR SEAT RH (MQA PE MY7 QUILTING),89400R5530MED
2ND SEAT,"CAP-REAR SEAT RECLIN. CAP-REAR SEAT RECLINER KNOB,RH (BLACK)",89296R5000WK
2ND SEAT,"CAP-REAR SEAT RECLIN. CAP-REAR SEAT RECLINER KNOB,RH (MISTY GRAY (=APOLLON GRAY))",89296R5000GYT
2ND SEAT,"SWITCH ASSY-2ND SEAT. SWITCH ASSY-2ND SEAT BACK W/IN. SWITCH ASSY-2ND SEAT BACK W/IN, RH (BLACK)",89446S9000WK
2ND SEAT,"BRACKET-RR SEAT CUSH. BRACKET-RR SEAT CUSH,HINGE MTG",89935R5000
2ND SEAT,TRACK ASSY-RR SEAT LH (BLACK),89500R5320WK
2ND SEAT,TRACK ASSY-RR SEAT LH (BLACK),89500R5330WK
2ND SEAT,TRACK ASSY-RR SEAT LH (MISTY GRAY (=APOLLON GRAY)),89500R5420GYT
2ND SEAT,TRACK ASSY-RR SEAT LH (MISTY GRAY (=APOLLON GRAY)),89500R5320GYT
2ND SEAT,TRACK ASSY-RR SEAT RH (BLACK),89600R5420WK
2ND SEAT,TRACK ASSY-RR SEAT RH (BLACK),89600R5320WK
2ND SEAT,TRACK ASSY-RR SEAT RH (BLACK),89600R5330WK
2ND SEAT,TRACK ASSY-RR SEAT RH (MISTY GRAY (=APOLLON GRAY)),89600R5420GYT
2ND SEAT,TRACK ASSY-RR SEAT RH (MISTY GRAY (=APOLLON GRAY)),89600R5320GYT
2ND SEAT,"SAB MODULE ASSY-RR,LH",80630R5000
2ND SEAT,COVER-RAIL OTR LH (BLACK),89622R5000WK
2ND SEAT,"SAB MODULE ASSY-RR,RH",80640R5000
2ND SEAT,END COVER-RR SEAT RA. END COVER-RR SEAT RAIL OTR,89525R5000
2ND SEAT,COVER-RAIL OTR RH (BLACK),89642R5000WK
2ND SEAT,COVER-RAIL INR RH (BLACK),89624R5000WK
2ND SEAT,COVER-RAIL INR RH (BLACK),89624R5500WK
2ND SEAT,HOUSING-RECLINER LH,89571R5000
2ND SEAT,HEATER ECU-REAR,89B95R5100
2ND SEAT,"COVER-REAR SEAT MTG. COVER-REAR SEAT MTG FR OTR,LH",89563R5000
2ND SEAT,"COVER-REAR SEAT MTG. COVER-REAR SEAT MTG FR OTR,RH",89663R5000
2ND SEAT,"COVER-REAR SEAT MTG. COVER-REAR SEAT MTG FR INR,LH",89566R5000
2ND SEAT,"COVER-REAR SEAT MTG. COVER-REAR SEAT MTG FR INR,RH",89666R5000
2ND SEAT,"COVER-REAR SEAT MTG. COVER-REAR SEAT MTG FR INR,RH",89666R5500
2ND SEAT,HEADREST ASSY-REAR SEAT (),89700R5101MC3
2ND SEAT,HEADREST ASSY-REAR SEAT (MQ4 PE NA ALETHER),89700R5101MD2
2ND SEAT,HEADREST ASSY-REAR SEAT (MQ4A PE GSG QUILTING),89700R5201MD9
2ND SEAT,HEADREST ASSY-REAR SEAT (MQ4A PE PRO GREEN),89700R5201MF2
2ND SEAT,HEADREST ASSY-REAR SEAT (MQ4A PE WK QUILTING),89700R5201MEF
2ND SEAT,HEADREST ASSY-REAR SEAT (MQ4A PE WOVEN),89700R5000MDQ
2ND SEAT,HEADREST ASSY-REAR SEAT (MQ4APE XPRO QUILTING MY7),89700R5201ME9
2ND SEAT,HEADREST ASSY-REAR SEAT (MQ4APE XPRO QUILTING WK),89700R5201ME8
2ND SEAT,HEADREST ASSY-REAR SEAT (MQA PE MY7 QUILTING),89700R5201MED
2ND SEAT,HEADREST ASSY-REAR SEAT CENTER (),89705R5101MC3
2ND SEAT,HEADREST ASSY-REAR SEAT CENTER (MQ4 PE NA ALETHER),89705R5101MD2
2ND SEAT,HEADREST ASSY-REAR SEAT CENTER (MQ4A PE WOVEN),89705R5000MDQ
2ND SEAT,HOUSING-RECLINER RH,89671R5000
2ND SEAT,GUIDE ASSY-R/S H/RES. GUIDE ASSY-R/S H/REST W/LVR (BLACK),89721S2000WK
2ND SEAT,GUIDE ASSY-R/S H/RES. GUIDE ASSY-R/S H/REST W/LVR (MISTY GRAY (=APOLLON GRAY)),89721S2000GYT
2ND SEAT,GUIDE ASSY-R/S H/RES. GUIDE ASSY-R/S H/REST W/LVR (MISTY GRAY (=APOLLON GRAY)),89721S2000GYT
2ND SEAT,GUIDE ASSY-R/S H/RES. GUIDE ASSY-R/S H/REST W/O LVR (BLACK),89722S2000WK
2ND SEAT,GUIDE ASSY-R/S H/RES. GUIDE ASSY-R/S H/REST W/O LVR (MISTY GRAY (=APOLLON GRAY)),89722S2000GYT
2ND SEAT,A/REST HINGE BOLT,89907C6300
2ND SEAT,ARMREST ASSY-RR SEAT BACK (),89900R5100MC3
2ND SEAT,ARMREST ASSY-RR SEAT BACK (MQ4 PE NA ALETHER),89900R5100MD2
2ND SEAT,ARMREST ASSY-RR SEAT BACK (MQ4A PE WOVEN),89900R5000MDQ
2ND SEAT,"LOWER ARMREST ASSY-2ND BACK,LH ()",89905R5100MC3
2ND SEAT,"LOWER ARMREST ASSY-2ND BACK,LH (MQ4 PE NA ALETHER)",89905R5100MD2
2ND SEAT,"LOWER ARMREST ASSY-2ND BACK,LH (MQ4A PE WOVEN)",89905R5000MDQ
2ND SEAT,BOARD-RR SEAT A/REST,89931R5000
2ND SEAT,CAP (BLACK),89393R5000WK
2ND SEAT,CAP (MISTY GRAY (=APOLLON GRAY)),89393R5000GYT
2ND SEAT,"CAP. CAP-REAR SEAT ARMREST,LH (BLACK)",89393R5100WK
2ND SEAT,"CAP. CAP-REAR SEAT ARMREST,LH (MISTY GRAY (=APOLLON GRAY))",89393R5100GYT
2ND SEAT,"CAP. CAP-REAR SEAT ARMREST,RH (BLACK)",89393R5200WK
2ND SEAT,"CAP. CAP-REAR SEAT ARMREST,RH (MISTY GRAY (=APOLLON GRAY))",89393R5200GYT
2ND SEAT,"FRAME ASSY-ARM REST,. FRAME ASSY-ARM REST,RH",899122JPE0
2ND SEAT,END COVER-RR SEAT RA. END COVER-RR SEAT RAIL INR,89524R5000
3RD SEAT,GUIDE-3RD SEAT FOLDI. GUIDE-3RD SEAT FOLDING (BLACK),89E12P2500WK
3RD SEAT,BOLT(W/WASHER). SCREW-TAPPING. T/SCREW-FLANGE HEAD,1249205123
3RD SEAT,"CUSHION ASSY-3RD SEA. CUSHION ASSY-3RD SEAT,LH (K6,7GYT A.LEATHER)",89A10P2000MRU
3RD SEAT,"CUSHION ASSY-3RD SEA. CUSHION ASSY-3RD SEAT,LH (MQ4 WK A.LEATHER COOLING)",89A10P2000MRL
3RD SEAT,"CUSHION ASSY-3RD SEA. CUSHION ASSY-3RD SEAT,LH (MQ4H LEATHER GYT(K6,7))",89A10P2050MTK
3RD SEAT,"CUSHION ASSY-3RD SEA. CUSHION ASSY-3RD SEAT,RH (K6,7GYT A.LEATHER)",89A20P2000MRU
3RD SEAT,"CUSHION ASSY-3RD SEA. CUSHION ASSY-3RD SEAT,RH (MQ4 WK A.LEATHER COOLING)",89A20P2000MRL
3RD SEAT,"CUSHION ASSY-3RD SEA. CUSHION ASSY-3RD SEAT,RH (MQ4H LEATHER GYT(K6,7))",89A20P2050MTK
3RD SEAT,"COVER ASSY-SHIELD IN. COVER ASSY-SHIELD INR,LH (MISTY GRAY (=APOLLON GRAY))",89AA7P2000GYT
3RD SEAT,"COVER ASSY-SHIELD IN. COVER ASSY-SHIELD INR,RH (MISTY GRAY (=APOLLON GRAY))",89AA8P2000GYT
3RD SEAT,GARNISH ASSY-TETHER (BLACK),89398P2000WK
3RD SEAT,LEG MOUNTING COVER-F. LEG MOUNTING COVER-FRT (BLACK),89C45P2000WK
3RD SEAT,"COVER-RR CUSH INR HI. COVER-RR CUSH INR HINGE,LH (BLACK)",89C42P2000WK
3RD SEAT,"COVER-RR CUSH OTR HI. COVER-RR CUSH OTR HINGE,LH (BLACK)",89C41P2000WK
3RD SEAT,"COVER'G ASSY-3RD CUS. COVER'G ASSY-3RD CUSH,LH (MQ4 WK A.LEATHER COOLING)",89A16P2000MRL
3RD SEAT,"COVER'G ASSY-3RD CUS. COVER'G ASSY-3RD CUSH,LH (MQ4H LEATHER GYT(K6,7))",89A16P2030MTK
3RD SEAT,"COVER'G ASSY-3RD CUSH,LH (MQ4 WK CLOTH EMBO)",89A16P2020MQV
3RD SEAT,"COVER-RR CUSH INR HI. COVER-RR CUSH INR HINGE,RH (BLACK)",89D42P2000WK
3RD SEAT,"COVER-RR CUSH OTR HI. COVER-RR CUSH OTR HINGE,RH (BLACK)",89D41P2000WK
3RD SEAT,"COVER'G ASSY-3RD CHS. COVER'G ASSY-3RD CHSU,RH (K6,7GYT A.LEATHER)",89A26P2000MRU
3RD SEAT,"COVER'G ASSY-3RD CHS. COVER'G ASSY-3RD CHSU,RH (MQ4 WK A.LEATHER COOLING)",89A26P2000MRL
3RD SEAT,"COVER'G ASSY-3RD CHS. COVER'G ASSY-3RD CHSU,RH (MQ4H LEATHER GYT(K6,7))",89A26P2030MTK
3RD SEAT,"COVER'G ASSY-3RD CHSU,RH (MQ4 WK CLOTH EMBO)",89A26P2020MQV
3RD SEAT,"BACK ASSY-3RD SEAT,L. BACK ASSY-3RD SEAT,LH (MQ4 WK A.LEATHER COOLING)",89A30P4000MRL
3RD SEAT,"BACK ASSY-3RD SEAT,L. BACK ASSY-3RD SEAT,LH (MQ4H LEATHER GYT(K6,7))",89A30P4030MTK
3RD SEAT,BACK ASSY-3RD SEAT R. BACK ASSY-3RD SEAT RH (MQ4 WK A.LEATHER COOLING),89A40P4000MRL
3RD SEAT,"COVERING ASSY-3RD BA. COVERING ASSY-3RD BACK RH (K6,7GYT A.LEATHER)",89A46P4000MRU
3RD SEAT,COVERING ASSY-3RD BA. COVERING ASSY-3RD BACK RH (MQ4 WK A.LEATHER COOLING),89A46P4000MRL
3RD SEAT,"COVERING ASSY-3RD BA. COVERING ASSY-3RD BACK RH (MQ4H LEATHER GYT(K6,7))",89A46P4030MTK
3RD SEAT,"COVERING ASSY-3RD BA. COVERING ASSY-3RD BACK LH (K6,7GYT A.LEATHER)",89A36P4000MRU
3RD SEAT,COVERING ASSY-3RD BA. COVERING ASSY-3RD BACK LH (MQ4 WK A.LEATHER COOLING),89A36P4000MRL
3RD SEAT,"COVERING ASSY-3RD BA. COVERING ASSY-3RD BACK LH (MQ4H LEATHER GYT(K6,7))",89A36P4030MTK
3RD SEAT,"HEADREST ASSY-3RD (K6,7GYT A.LEATHER)",89A70P4000MRU
3RD SEAT,HEADREST ASSY-3RD (MQ4 WK A.LEATHER COOLING),89A70P4000MRL
3RD SEAT,"HEADREST ASSY-3RD (MQ4H LEATHER GYT(K6,7))",89A70P4000MTK
3RD SEAT,BOARD ASSY-3RD SEAT. BOARD ASSY-3RD SEAT BACK LH (BLACK),89A38P2010WK
3RD SEAT,BOARD ASSY-3RD SEAT. BOARD ASSY-3RD SEAT BACK LH (TRITON NAVY),89A38P2010N2V
3RD SEAT,BOARD ASSY-3RD SEAT. BOARD ASSY-3RD SEAT BACK RH (BLACK),89A48P2010WK
3RD SEAT,CAP (BLACK),89C47P2000WK
3RD SEAT,GUIDE-3RD SEAT FOLDI. GUIDE-3RD SEAT FOLDING (BLACK),89E12R5700WK
3RD SEAT,BOLT,218214R000
3RD SEAT,SCREW-TAPPING. T/SCREW. T/SCREW-FLANGE HEAD,1249705103
3RD SEAT,BOLT-FLANGE,1140506206K
3RD SEAT,BUSH-FR SEAT HINGE. STAPLE CLIP,8862711201
3RD SEAT,"CUSHION ASSY-3RD SEAT,LH ()",89A10R5710MC3
3RD SEAT,"CUSHION ASSY-3RD SEAT,LH (MQ4 PE NA ALETHER)",89A10R5710MD2
3RD SEAT,"CUSHION ASSY-3RD SEAT,LH (MQ4A PE GSG QUILTING)",89A10R5720MD9
3RD SEAT,"CUSHION ASSY-3RD SEAT,LH (MQ4A PE PRO GREEN)",89A10R5720MF2
3RD SEAT,"CUSHION ASSY-3RD SEAT,LH (MQ4A PE WK QUILTING)",89A10R5720MEF
3RD SEAT,"CUSHION ASSY-3RD SEAT,LH (MQ4A PE WOVEN)",89A10R5700MDQ
3RD SEAT,"CUSHION ASSY-3RD SEAT,LH (MQ4APE XPRO QUILTING MY7)",89A10R5720ME9
3RD SEAT,"CUSHION ASSY-3RD SEAT,LH (MQ4APE XPRO QUILTING WK)",89A10R5720ME8
3RD SEAT,"CUSHION ASSY-3RD SEAT,LH (MQA PE MY7 QUILTING)",89A10R5720MED
3RD SEAT,"COVER ASSY-SHIELD OT. COVER ASSY-SHIELD OTR,LH",89AA5R5700
3RD SEAT,"COVER ASSY-SHIELD OTR,LH (BLACK)",89AA5R5700WK
3RD SEAT,"COVER ASSY-SHIELD OTR,LH (MISTY GRAY (=APOLLON GRAY))",89AA5R5700GYT
3RD SEAT,"COVER ASSY-SHIELD OTR,LH (WEB WK + DRING WK)",89AA5R5700WA6
3RD SEAT,"CUSHION ASSY-3RD SEAT,RH ()",89A20R5710MC3
3RD SEAT,"CUSHION ASSY-3RD SEAT,RH (MQ4 PE NA ALETHER)",89A20R5710MD2
3RD SEAT,"CUSHION ASSY-3RD SEAT,RH (MQ4A PE GSG QUILTING)",89A20R5720MD9
3RD SEAT,"CUSHION ASSY-3RD SEAT,RH (MQ4A PE PRO GREEN)",89A20R5720MF2
3RD SEAT,"CUSHION ASSY-3RD SEAT,RH (MQ4A PE WK QUILTING)",89A20R5720MEF
3RD SEAT,"CUSHION ASSY-3RD SEAT,RH (MQ4A PE WOVEN)",89A20R5700MDQ
3RD SEAT,"CUSHION ASSY-3RD SEAT,RH (MQ4APE XPRO QUILTING MY7)",89A20R5720ME9
3RD SEAT,"CUSHION ASSY-3RD SEAT,RH (MQ4APE XPRO QUILTING WK)",89A20R5720ME8
3RD SEAT,"CUSHION ASSY-3RD SEAT,RH (MQA PE MY7 QUILTING)",89A20R5720MED
3RD SEAT,"COVER ASSY-SHIELD IN. COVER ASSY-SHIELD INR,LH",89AA7R5700
3RD SEAT,"COVER ASSY-SHIELD INR,LH (BLACK)",89AA7R5700WK
3RD SEAT,"COVER ASSY-SHIELD INR,LH (WEB WK + DRING WK)",89AA7R5700WA6
3RD SEAT,"FRAME ASSY-3RD SEAT. FRAME ASSY-3RD SEAT CUSH,RH",89A21R5700
3RD SEAT,"PAD ASSY-3RD CUSHION. PAD ASSY-3RD CUSHION,LH",89A15R5700
3RD SEAT,"PAD ASSY-3RD CUSHION. PAD ASSY-3RD CUSHION,RH",89A25R5700
3RD SEAT,"COVER'G ASSY-3RD CUSH,LH ()",89A16R5710MC3
3RD SEAT,"COVER'G ASSY-3RD CUSH,LH (MQ4 PE NA ALETHER)",89A16R5710MD2
3RD SEAT,"COVER'G ASSY-3RD CUSH,LH (MQ4A PE GSG QUILTING)",89A16R5720MD9
3RD SEAT,"COVER'G ASSY-3RD CUSH,LH (MQ4A PE PRO GREEN)",89A16R5720MF2
3RD SEAT,"COVER'G ASSY-3RD CUSH,LH (MQ4A PE WK QUILTING)",89A16R5720MEF
3RD SEAT,"COVER'G ASSY-3RD CUSH,LH (MQ4A PE WOVEN)",89A16R5700MDQ
3RD SEAT,"COVER'G ASSY-3RD CUSH,LH (MQ4APE XPRO QUILTING MY7)",89A16R5720ME9
3RD SEAT,"COVER'G ASSY-3RD CUSH,LH (MQ4APE XPRO QUILTING WK)",89A16R5720ME8
3RD SEAT,"COVER'G ASSY-3RD CUSH,LH (MQA PE MY7 QUILTING)",89A16R5720MED
3RD SEAT,BOLT-FLANGE,82475R5000
3RD SEAT,"FRAME ASSY-3RD S/BACK,LH",89A31R5800
3RD SEAT,"COVER'G ASSY-3RD CHSU,RH ()",89A26R5710MC3
3RD SEAT,"COVER'G ASSY-3RD CHSU,RH (MQ4 PE NA ALETHER)",89A26R5710MD2
3RD SEAT,"COVER'G ASSY-3RD CHSU,RH (MQ4A PE GSG QUILTING)",89A26R5720MD9
3RD SEAT,"COVER'G ASSY-3RD CHSU,RH (MQ4A PE PRO GREEN)",89A26R5720MF2
3RD SEAT,"COVER'G ASSY-3RD CHSU,RH (MQ4A PE WK QUILTING)",89A26R5720MEF
3RD SEAT,"COVER'G ASSY-3RD CHSU,RH (MQ4A PE WOVEN)",89A26R5700MDQ
3RD SEAT,"COVER'G ASSY-3RD CHSU,RH (MQ4APE XPRO QUILTING MY7)",89A26R5720ME9
3RD SEAT,"COVER'G ASSY-3RD CHSU,RH (MQ4APE XPRO QUILTING WK)",89A26R5720ME8
3RD SEAT,"COVER'G ASSY-3RD CHSU,RH (MQA PE MY7 QUILTING)",89A26R5720MED
3RD SEAT,GARNISH-RR SEAT BACK,89398R5000
3RD SEAT,"BACK ASSY-3RD SEAT,LH ()",89A30R5840MC3
3RD SEAT,"BACK ASSY-3RD SEAT,LH (MQ4 PE NA ALETHER)",89A30R5840MD2
3RD SEAT,"BACK ASSY-3RD SEAT,LH (MQ4A PE GSG QUILTING)",89A30R5850MD9
3RD SEAT,"BACK ASSY-3RD SEAT,LH (MQ4A PE PRO GREEN)",89A30R5850MF2
3RD SEAT,"BACK ASSY-3RD SEAT,LH (MQ4A PE WK QUILTING)",89A30R5850MEF
3RD SEAT,"BACK ASSY-3RD SEAT,LH (MQ4APE XPRO QUILTING MY7)",89A30R5850ME9
3RD SEAT,"BACK ASSY-3RD SEAT,LH (MQ4APE XPRO QUILTING WK)",89A30R5850ME8
3RD SEAT,"BACK ASSY-3RD SEAT,LH (MQA PE MY7 QUILTING)",89A30R5850MED
3RD SEAT,CAP-COVER,89C47R5700
3RD SEAT,"PAD ASSY-3RD SEAT BA. PAD ASSY-3RD SEAT BACK,RH",89A45R5700
3RD SEAT,BACK ASSY-3RD SEAT RH (),89A40R5840MC3
3RD SEAT,BACK ASSY-3RD SEAT RH (MQ4A PE GSG QUILTING),89A40R5850MD9
3RD SEAT,BACK ASSY-3RD SEAT RH (MQ4A PE PRO GREEN),89A40R5850MF2
3RD SEAT,BACK ASSY-3RD SEAT RH (MQ4A PE WK QUILTING),89A40R5850MEF
3RD SEAT,BACK ASSY-3RD SEAT RH (MQ4A PE WOVEN),89A40R5830MDQ
3RD SEAT,BACK ASSY-3RD SEAT RH (MQ4APE XPRO QUILTING MY7),89A40R5850ME9
3RD SEAT,BACK ASSY-3RD SEAT RH (MQ4APE XPRO QUILTING WK),89A40R5850ME8
3RD SEAT,BACK ASSY-3RD SEAT RH (MQA PE MY7 QUILTING),89A40R5850MED
3RD SEAT,"COVER-3RD SEAT CUSH. COVER-3RD SEAT CUSH OTR,LH",89C41R5700
3RD SEAT,"COVER-3RD SEAT CUSH. COVER-3RD SEAT CUSH INR,LH",89C42R5700
3RD SEAT,COVER-3RD SEAT CUSH,89C45R5700
3RD SEAT,"COVER-3RD SEAT CUSH. COVER-3RD SEAT CUSH OTR,RH",89D41R5700
3RD SEAT,"COVER-3RD SEAT CUSH. COVER-3RD SEAT CUSH INR,RH",89D42R5700
3RD SEAT,PIN-REAR SEAT RECL L. PIN-REAR SEAT RECL LEVER,89257C6500
3RD SEAT,COVERING ASSY-3RD BACK RH (),89A46R5740MC3
3RD SEAT,COVERING ASSY-3RD BACK RH (MQ4 PE NA ALETHER),89A46R5740MD2
3RD SEAT,COVERING ASSY-3RD BACK RH (MQ4A PE GSG QUILTING),89A46R5750MD9
3RD SEAT,COVERING ASSY-3RD BACK RH (MQ4A PE PRO GREEN),89A46R5750MF2
3RD SEAT,COVERING ASSY-3RD BACK RH (MQ4A PE WOVEN),89A46R5730MDQ
3RD SEAT,COVERING ASSY-3RD BACK RH (MQ4APE XPRO QUILTING MY7),89A46R5750ME9
3RD SEAT,COVERING ASSY-3RD BACK RH (MQ4APE XPRO QUILTING WK),89A46R5750ME8
3RD SEAT,COVERING ASSY-3RD BACK RH (MQA PE MY7 QUILTING),89A46R5750MED
3RD SEAT,COVERING ASSY-3RD BACK LH (),89A36R5740MC3
3RD SEAT,COVERING ASSY-3RD BACK LH (MQ4A PE GSG QUILTING),89A36R5750MD9
3RD SEAT,COVERING ASSY-3RD BACK LH (MQ4A PE PRO GREEN),89A36R5750MF2
3RD SEAT,COVERING ASSY-3RD BACK LH (MQ4A PE WK QUILTING),89A36R5750MEF
3RD SEAT,COVERING ASSY-3RD BACK LH (MQ4A PE WOVEN),89A36R5730MDQ
3RD SEAT,COVERING ASSY-3RD BACK LH (MQ4APE XPRO QUILTING MY7),89A36R5750ME9
3RD SEAT,COVERING ASSY-3RD BACK LH (MQ4APE XPRO QUILTING WK),89A36R5750ME8
3RD SEAT,COVERING ASSY-3RD BACK LH (MQA PE MY7 QUILTING),89A36R5750MED
3RD SEAT,"RECLINER ASSY-3RD IN. RECLINER ASSY-3RD INR,LH",89AF0R5700
3RD SEAT,"LEG ASSY-3RD,LH",89AE0R5701
3RD SEAT,"LEG ASSY-3RD,RH",89AJ0R5701
3RD SEAT,HEADREST ASSY-3RD (),89A70R5711MC3
3RD SEAT,HEADREST ASSY-3RD (MQ4 PE NA ALETHER),89A70R5711MD2
3RD SEAT,HEADREST ASSY-3RD (MQ4A PE GSG QUILTING),89A70R5711MD9
3RD SEAT,HEADREST ASSY-3RD (MQ4A PE PRO GREEN),89A70R5711MF2
3RD SEAT,HEADREST ASSY-3RD (MQ4A PE WK QUILTING),89A70R5711MEF
3RD SEAT,HEADREST ASSY-3RD (MQ4A PE WOVEN),89A70R5700MDQ
3RD SEAT,HEADREST ASSY-3RD (MQ4APE XPRO QUILTING MY7),89A70R5711ME9
3RD SEAT,HEADREST ASSY-3RD (MQ4APE XPRO QUILTING WK),89A70R5711ME8
3RD SEAT,HEADREST ASSY-3RD (MQA PE MY7 QUILTING),89A70R5711MED
3RD SEAT,BOARD ASSY-3RD SEAT. BOARD ASSY-3RD SEAT BACK LH (BLACK),89A38R5700WK
3RD SEAT,BOARD ASSY-3RD SEAT. BOARD ASSY-3RD SEAT BACK RH (BLACK),89A48R5700WK
3RD SEAT,"FRAME ASSY-3RD SEAT. FRAME ASSY-3RD SEAT CUSH,LH",89A11R5700
3RD SEAT,"FRAME ASSY-3RD S/BACK,RH",89A41R5800
3RD SEAT,PAD ASSY-3RD SEAT BA. PAD ASSY-3RD SEAT BACK,89A35R5700
3RD SEAT,RECLINER ASSY-3RD OT. RECLINER ASSY-3RD OTR LH,89AK0R5700
BODY SIDE MOULDING,SCREW-TAPPING,1243303107B
BODY SIDE MOULDING,T/SCREW-COUNTERSINK. T/SCREW-COUNTERSINK HEAD,1243304107K
BODY SIDE MOULDING,T/SCREW-COUNTERSINK. T/SCREW-COUNTERSINK HEAD,1243304107K
BODY SIDE MOULDING,T/SCREW-FLANGE HEAD,1249304107E
BODY SIDE MOULDING,CLIP-W/LINE MOULDING. CLIP-W/LINE MOULDING MTG,87715G9000
BODY SIDE MOULDING,CLIP-SIDE SILL MOULD. CLIP-SIDE SILL MOULDING MTG,87756C5000
BODY SIDE MOULDING,"STRIP-SIDE SILL FR M. STRIP-SIDE SILL FR MLDG,LH",87779P2000
BODY SIDE MOULDING,CLIP-SIDE GARNISH MT. CLIP-SIDE GARNISH MTG,877162W000
BODY SIDE MOULDING,CLIP-SIDE GARNISH MT. CLIP-SIDE GARNISH MTG,877162W000
BODY SIDE MOULDING,CLIP-SIDE GARNISH MT. CLIP-SIDE GARNISH MTG,877162W000
BODY SIDE MOULDING,CLIP-SIDE GARNISH MT. CLIP-SIDE GARNISH MTG,877162W000
BODY SIDE MOULDING,CLIP-SIDE GARNISH MT. CLIP-SIDE GARNISH MTG,877563R000
BODY SIDE MOULDING,CLIP-SIDE SILL MOULD. CLIP-SIDE SILL MOULDING MTG,87758G2000
BODY SIDE MOULDING,CLIP-SIDE SILL MOULD. CLIP-SIDE SILL MOULDING MTG,87758G2000
BODY SIDE MOULDING,"STRIP-SIDE SILL FR M. STRIP-SIDE SILL FR MLDG,RH",87779P2100
BODY SIDE MOULDING,SCREW-TAPPING,1243303107B
BODY SIDE MOULDING,T/SCREW-COUNTERSINK. T/SCREW-COUNTERSINK HEAD,1243304107K
BODY SIDE MOULDING,T/SCREW-COUNTERSINK. T/SCREW-COUNTERSINK HEAD,1243304107K
BODY SIDE MOULDING,T/SCREW-FLANGE HEAD,1249304107E
BODY SIDE MOULDING,NUT-SPRING,1335706017C
BODY SIDE MOULDING,"GUARD ASSY-REAR DEFL. GUARD ASSY-REAR DEFLECTOR,LH",86861R5000
BODY SIDE MOULDING,"GUARD ASSY-REAR DEFL. GUARD ASSY-REAR DEFLECTOR,RH",86862R5000
BODY SIDE MOULDING,CLIP-W/LINE MOULDING. CLIP-W/LINE MOULDING MTG,87715G9000
BODY SIDE MOULDING,"GARNISH ASSY-FNDR SIDE,LH (WK(KEY)+SJ1(PAINT)+WK(CENTER))",87711R5500BKL
BODY SIDE MOULDING,"GARNISH ASSY-FNDR SIDE,RH (WK(KEY)+SJ1(PAINT)+WK(CENTER))",87712R5500BKL
BODY SIDE MOULDING,GARNISH - FR DR LH,877G1R5600
BODY SIDE MOULDING,GARNISH - FR DR LH (SEAT COVER'G),877G1R5500FMP
BODY SIDE MOULDING,"GARNISH-FENDER SIDE UPR,LH",877F1R5600
BODY SIDE MOULDING,"GARNISH-FENDER SIDE UPR,LH (SEAT COVER'G)",877F1R5500FMP
BODY SIDE MOULDING,"GARNISH-FENDER SIDE UPR,LH (WK(KEY)+SJ1(PAINT)+WK(CENTER))",877F1R5600BKL
BODY SIDE MOULDING,"GARNISH-FENDER SIDE UPR,LH (WK(KEY)+SJ1(PAINT)+WK(CENTER))",877F1R5500BKL
BODY SIDE MOULDING,GARNISH - FR DR RH,877G2R5600
BODY SIDE MOULDING,GARNISH - FR DR RH (SEAT COVER'G),877G2R5500FMP
BODY SIDE MOULDING,"GARNISH-FENDER SIDE UPR,RH",877F2R5600
BODY SIDE MOULDING,"GARNISH-FENDER SIDE UPR,RH (SEAT COVER'G)",877F2R5500FMP
BODY SIDE MOULDING,"GARNISH-FENDER SIDE UPR,RH (WK(KEY)+SJ1(PAINT)+WK(CENTER))",877F2R5500BKL
BODY SIDE MOULDING,"GARNISH-FENDER SIDE UPR,RH (WK(KEY)+SJ1(PAINT)+WK(CENTER))",877F2R5600BKL
BODY SIDE MOULDING,GARNISH ASSY-FR DR S. GARNISH ASSY-FR DR SIDE RH,87722R5000
BODY SIDE MOULDING,GARNISH ASSY-RR DR S. GARNISH ASSY-RR DR SIDE LH,87731R5000
BODY SIDE MOULDING,"GARNISH ASSY-RR DR S. GARNISH ASSY-RR DR SIDE,RH",87732R5000
BODY SIDE MOULDING,"GARNISH ASSY-QTR SID. GARNISH ASSY-QTR SIDE,LH",87741R5000
BODY SIDE MOULDING,"GARNISH ASSY-QTR SID. GARNISH ASSY-QTR SIDE,RH",87742R5000
BODY SIDE MOULDING,CLIP-SIDE SILL MOULD. CLIP-SIDE SILL MOULDING MTG,87756C5000
BODY SIDE MOULDING,"MOULDING ASSY-SIDE S. MOULDING ASSY-SIDE SILL,LH",87751R5000XX
BODY SIDE MOULDING,"MOULDING ASSY-SIDE S. MOULDING ASSY-SIDE SILL,RH",87752R5000XX
BODY SIDE MOULDING,"STRIP-SIDE SILL FR M. STRIP-SIDE SILL FR MLDG,LH",87779P2000
BODY SIDE MOULDING,CLIP-SIDE GARNISH MT. CLIP-SIDE GARNISH MTG,877162W000
BODY SIDE MOULDING,CLIP-SIDE GARNISH MT. CLIP-SIDE GARNISH MTG,877563R000
BODY SIDE MOULDING,CLIP-SIDE GARNISH MT. CLIP-SIDE GARNISH MTG,877563R000
BODY SIDE MOULDING,CLIP-SIDE SILL MOULD. CLIP-SIDE SILL MOULDING MTG,87758G2000
BODY SIDE MOULDING,"STRIP-SIDE SILL FR M. STRIP-SIDE SILL FR MLDG,RH",87779P2100
BODY SIDE MOULDING,CLIP-SIDE GARNISH MT. CLIP-SIDE GARNISH MTG,877562W000
BODY SIDE MOULDING,"GARNISH ASSY-FRT DR. GARNISH ASSY-FRT DR SIDE,LH",87721R5000
CONSOLE,SCREW-TAPPING,1018805161
CONSOLE,SCREW-TAPPING,1018805161
CONSOLE,T/SCREW,1245105163
CONSOLE,T/SCREW,1245105163
CONSOLE,BOLT(W/WASHER). SCREW-TAPPING. T/SCREW-FLANGE HEAD,1249205123
CONSOLE,SCREW-TAPPING. T/SCREW-FLANGE HEAD,1249204121
CONSOLE,CONSOLE ASSY-FLOOR (BLACK),84610P2300WK
CONSOLE,TRAY-FLOOR CONSOLE (BLACK),84632P2050WK
CONSOLE,TRAY-FLOOR CONSOLE (UV 2COATS HIGH GLOSSY BLACK),84632P2100DHV
CONSOLE,TRAY ASSY-FLOOR CONS. TRAY ASSY-FLOOR CONSOLE (BLACK),84630P4050WK
CONSOLE,TRAY ASSY-FLOOR CONS. TRAY ASSY-FLOOR CONSOLE (UV 2COATS HIGH GLOSSY BLACK),84630P4000DHV
CONSOLE,COVER ASSY-CONSOLE U. COVER ASSY-CONSOLE UPR (BLACK),84650P2290WK
CONSOLE,COVER ASSY-CONSOLE U. COVER ASSY-CONSOLE UPR (BLACK),84650P2470WK
CONSOLE,COVER ASSY-CONSOLE U. COVER ASSY-CONSOLE UPR (UV 2COATS HIGH GLOSSY BLACK),84650P2450DHV
CONSOLE,COVER ASSY-CONSOLE U. COVER ASSY-CONSOLE UPR (UV 2COATS HIGH GLOSSY BLACK),84650P2160DHV
CONSOLE,ARMREST ASSY-CONSOLE (MISTY GRAY (=APOLLON GRAY)),84660P2000GYT
CONSOLE,ARMREST ASSY-CONSOLE (TRITON NAVY),84660P2000N2V
CONSOLE,COVER ASSY-CONSOLE R. COVER ASSY-CONSOLE RR (BLACK),84640P2150WK
CONSOLE,COVER ASSY-CONSOLE R. COVER ASSY-CONSOLE RR (UV 2COATS HIGH GLOSSY BLACK),84640P4000DHV
CONSOLE,COVER ASSY-CONSOLE R. COVER ASSY-CONSOLE RR (UV 2COATS HIGH GLOSSY BLACK),84640P2100DHV
CONSOLE,"GARNISH ASSY-CONSOLE. GARNISH ASSY-CONSOLE,LH (BLACK)",84690P2000WK
CONSOLE,"GARNISH ASSY-CONSOLE. GARNISH ASSY-CONSOLE,RH (BLACK)",84695P2000WK
CONSOLE,CLIP-TRIM MT'G. CLIP-TRIM MTG,847472L000
CONSOLE,SOCKET ASSY-ACCESSOR. SOCKET ASSY-ACCESSORY,95120A9000
CONSOLE,POWER OUTLET ASSY-IN. POWER OUTLET ASSY-INVERTER,95260P2500
CONSOLE,ANTENNA ASSY-SMARTKE. ANTENNA ASSY-SMARTKEY,95460L2300
CONSOLE,"AIR VENTILATOR ASSY-CTR,LH",97040P2AA0
CONSOLE,"AIR VENTILATOR ASSY-CTR,RH",97040P2AB0
CONSOLE,JACK ASSY-INFOTAINMENT,961A0P2000
CONSOLE,JACK ASSY-INFOTAINMENT,961A0P2100
CONSOLE,SCREW-TAPPING,1018805161
CONSOLE,T/SCREW,1245105163
CONSOLE,BOLT. BOLT(W/WASHER). BOLT-WASHER ASSY. NUT,1125306203
CONSOLE,BOLT ASSY-HEAD LAMP. BOLT ASSY-HEAD LAMP MTG,921621C000
CONSOLE,SCREW-TAPPING. T/SCREW-FLANGE HEAD,1249204121
CONSOLE,SCREW-TAPPING. T/SCREW-FLANGE HEAD,1249204121
CONSOLE,NUT. NUT(CLASS3). NUT-FLANGE,1338506007K
CONSOLE,BOLT,1128106251
CONSOLE,CONSOLE ASSY-FLOOR (BLACK),84610R5000WK
CONSOLE,MAT-CONSOLE TRAY,84631P2CA0
CONSOLE,MAT-CONSOLE TRAY,84631P2CB0
CONSOLE,EXTN WIRING-FR CONSOLE,84619P2AA0
CONSOLE,EXTN WIRING-FR CONSOLE,84619P2BA0
CONSOLE,EXTN WIRING-CONSOLE,84624P2AB0
CONSOLE,EXTN WIRING-CONSOLE,84624P2AC0
CONSOLE,MAT-CUP HOLDER NO.1,84623R5500
CONSOLE,MAT-CUP HOLDER NO.2,84674R5500
CONSOLE,TRAY-FLOOR CONSOLE (BLACK),84630R5550WK
CONSOLE,TRAY-FLOOR CONSOLE (BLACK),84630R5650WK
CONSOLE,TRAY-FLOOR CONSOLE (UV 2COATS HIGH GLOSSY BLACK),84630R5AA0DHV
CONSOLE,TRAY-STORAGE BOX,84629R5000
CONSOLE,BRACKET ASSY-FLOOR C. BRACKET ASSY-FLOOR CONSOLE RR. BRACKET ASSY-FLOOR CONSOLE RR MTG,84635R5000
CONSOLE,COVER ASSY-CONSOLE UPR (BLACK),84650R5AE0WK
CONSOLE,COVER ASSY-CONSOLE UPR (BLACK),84650R5AF0WK
CONSOLE,COVER ASSY-CONSOLE UPR (UV 2COATS HIGH GLOSSY BLACK),84650R5AD0DHV
CONSOLE,COVER-SHIFT LOCK REL. COVER-SHIFT LOCK RELEASE,84658P2010
CONSOLE,ARMREST ASSY-CONSOLE (BLACK),84660R5000WK
CONSOLE,ARMREST ASSY-CONSOLE (MISTY GRAY (=APOLLON GRAY)),84660R5000GYT
CONSOLE,ARMREST ASSY-CONSOLE (MQ4 PE OLIVE BROWN),84660R5000MY7
CONSOLE,ARMREST ASSY-CONSOLE (SAGE GREEN),84660R5000GSG
CONSOLE,COVER ASSY-CONSOLE RR (BLACK),84640R5AB0WK
CONSOLE,COVER ASSY-CONSOLE RR (UV 2COATS HIGH GLOSSY BLACK),84640R5500DHV
CONSOLE,COVER ASSY-CONSOLE RR (UV 2COATS HIGH GLOSSY BLACK),84640R5AA0DHV
CONSOLE,STORAGE BOX-CONSOLE,84680R5000
CONSOLE,MAT-CONSOLE STORAGE. MAT-CONSOLE STORAGE BOX,84685R5000
CONSOLE,"GARNISH ASSY-CONSOLE. GARNISH ASSY-CONSOLE,LH (BLACK)",84690R5000WK
CONSOLE,"GARNISH ASSY-CONSOLE. GARNISH ASSY-CONSOLE,RH (BLACK)",84695R5000WK
CONSOLE,CLIP-TRIM MT'G. CLIP-TRIM MTG,847472L000
CONSOLE,WIRING HARNESS-CONSOLE EXT,84625P2AB0
CONSOLE,WIRING HARNESS-CONSOLE EXT,84625R5000
CONSOLE,SWITCH ASSY-CONSOLE,93320R5020
CONSOLE,SWITCH ASSY-CONSOLE,93320R5030
CONSOLE,SWITCH ASSY-CONSOLE,93320R5130
CONSOLE,SWITCH ASSY-CONSOLE,93320R5150
CONSOLE,"COMPLETE-CONSOLE FLO. COMPLETE-CONSOLE FLOOR SWITCH. SWITCH SEAT-WARMER CONSOLE,LH",93300R5000
CONSOLE,"COMPLETE-CONSOLE FLO. COMPLETE-CONSOLE FLOOR SWITCH. SWITCH SEAT-WARMER CONSOLE,LH",93300R5100
CONSOLE,"COMPLETE-CONSOLE FLO. COMPLETE-CONSOLE FLOOR SWITCH. SWITCH SEAT-WARMER CONSOLE,RH",93300R5300
CONSOLE,"COMPLETE-CONSOLE FLO. COMPLETE-CONSOLE FLOOR SWITCH. SWITCH SEAT-WARMER CONSOLE,RH",93300R5400
CONSOLE,"SWITCH SEAT-WARMER CONSOLE,RH",93300R5AB0
CONSOLE,SOCKET ASSY-ACCESSOR. SOCKET ASSY-ACCESSORY,95120A9000
CONSOLE,POWER OUTLET ASSY-IN. POWER OUTLET ASSY-INVERTER,95260P2500
CONSOLE,ANTENNA ASSY-SMARTKE. ANTENNA ASSY-SMARTKEY,95460L2300
CONSOLE,UNIT ASSY-WIRELESS CHARGING,95560P2500
CONSOLE,UNIT ASSY-WIRELESS CHARGING,95560P2600
CONSOLE,DUCT ASSY-COOL BOX N. DUCT ASSY-COOL BOX NO.2,97020R5000
CONSOLE,"AIR VENTILATOR ASSY-. AIR VENTILATOR ASSY-CONSOLE. AIR VENTILATOR ASSY-CTR,LH",97040R5000
CONSOLE,"AIR VENTILATOR ASSY-CTR,LH",97040R5AA0
CONSOLE,"AIR VENTILATOR ASSY-. AIR VENTILATOR ASSY-CONSOLE. AIR VENTILATOR ASSY-CTR,RH",97040R5100
COWL PANEL,PANEL ASSY-COWL COMP. PANEL ASSY-COWL COMPLETE,66700P2000
COWL PANEL,"PANEL-COWL SIDE OUTE. PANEL-COWL SIDE OUTER UPPER,LH",66755P2000
COWL PANEL,"PANEL-COWL SIDE OUTE. PANEL-COWL SIDE OUTER UPPER,RH",66765P2000
COWL PANEL,PANEL ASSY-COWL COMP. PANEL ASSY-COWL COMPLETE,66700R5000
COWL PANEL,"PANEL-COWL SIDE OUTE. PANEL-COWL SIDE OUTER UPPER,LH",66756P2000
COWL PANEL,"PANEL-COWL SIDE OUTE. PANEL-COWL SIDE OUTER UPPER,RH",66766P2000
CRASH PAD,T/SCREW,1245105163
CRASH PAD,T/SCREW,1245105163
CRASH PAD,BOLT ASSY-HEAD LAMP. BOLT ASSY-HEAD LAMP MTG,921621C000
CRASH PAD,BOLT-FLANGE,84434J9000
CRASH PAD,BOLT-WASHER ASSY,1198308883
CRASH PAD,SPRING NUT,0A84705000
CRASH PAD,NUT-FLANGE. NUT-WASHER ASSY,1339508007K
CRASH PAD,BOLT-WASHER ASSY,844343X000
CRASH PAD,GLOVE BOX ASSY (BLACK),84510P2000WK
CRASH PAD,GLOVE BOX ASSY (BLACK),84510P4100WK
CRASH PAD,GLOVE BOX ASSY (BLACK),84510P2100WK
CRASH PAD,GLOVE BOX ASSY (MISTY GRAY (=APOLLON GRAY)),84510P4100GYT
CRASH PAD,GLOVE BOX ASSY (MISTY GRAY (=APOLLON GRAY)),84510P2100GYT
CRASH PAD,"BEZEL-GLOVE BOX STRI. BEZEL-GLOVE BOX STRIKER,LH (BLACK)",84763P2000WK
CRASH PAD,CRASH PAD ASSY-MAIN (BLACK),84710P2000WK
CRASH PAD,CRASH PAD ASSY-MAIN (BLACK),84710P2100WK
CRASH PAD,CRASH PAD ASSY-MAIN (BLACK),84710P2300WK
CRASH PAD,CRASH PAD ASSY-MAIN (TRITON NAVY),84710P2300N2V
CRASH PAD,GRILLE ASSY-CTR SPEA. GRILLE ASSY-CTR SPEAKER (BLACK),84715P2000WK
CRASH PAD,GRILLE ASSY-CTR SPEA. GRILLE ASSY-CTR SPEAKER (TRITON NAVY),84715P2000N2V
CRASH PAD,"GRILLE-SPEAKER,RH (BLACK)",84726P2000WK
CRASH PAD,"GRILLE-SPEAKER,RH (TRITON NAVY)",84726P2000N2V
CRASH PAD,"GRILLE-SPEAKER,LH (BLACK)",84725P2000WK
CRASH PAD,"GRILLE-SPEAKER,LH (TRITON NAVY)",84725P2000N2V
CRASH PAD,PANEL-CRASH MAIN CEN. PANEL-CRASH MAIN CENTER (BLACK),84760P2300WK
CRASH PAD,PANEL-CRASH MAIN CEN. PANEL-CRASH MAIN CENTER (MISTY GRAY (=APOLLON GRAY)),84760P2300GYT
CRASH PAD,PANEL-CENTER FACIA (FINE METAL CHROME),84740P2100FMH
CRASH PAD,PANEL-CENTER FACIA (FINE METAL SILVER),84740P2000FMS
CRASH PAD,CLIP-TRIM MT'G. CLIP-TRIM MTG,847472L000
CRASH PAD,CLIP-TRIM MT'G. CLIP-TRIM MTG,847472L000
CRASH PAD,CLIP-TRIM MT'G. CLIP-TRIM MTG,847472L000
CRASH PAD,"PANEL ASSY-LOWER CRA. PANEL ASSY-LOWER CRASH PAD,LH (BLACK)",84750P4200WK
CRASH PAD,"PANEL ASSY-LOWER CRA. PANEL ASSY-LOWER CRASH PAD,LH (MISTY GRAY (=APOLLON GRAY))",84750P4200GYT
CRASH PAD,COVER ASSY-C/PAD SID. COVER ASSY-C/PAD SIDE LH (BLACK),84765P2000WK
CRASH PAD,SCREW-TAPPING,846872F000
CRASH PAD,SCREW-TAPPING,846872F000
CRASH PAD,SCREW-TAPPING,846872F000
CRASH PAD,COVER ASSY-FUSE BOX (BLACK),84752P4100WK
CRASH PAD,COVER ASSY-FUSE BOX (MISTY GRAY (=APOLLON GRAY)),84752P4100GYT
CRASH PAD,"GARNISH ASSY-C/PAD C. GARNISH ASSY-C/PAD CTR,RH (BLACK)",84795P2000WK
CRASH PAD,"GARNISH ASSY-C/PAD C. GARNISH ASSY-C/PAD CTR,RH (MISTY GRAY (=APOLLON GRAY))",84795P2000GYT
CRASH PAD,"GARNISH ASSY-C/PAD CTR,RH (BLACK)",84795P2100WK
CRASH PAD,"GARNISH ASSY-C/PAD CTR,RH (MISTY GRAY (=APOLLON GRAY))",84795P2100GYT
CRASH PAD,"GARNISH ASSY-C/PAD C. GARNISH ASSY-C/PAD CTR,LH (BLACK)",84790P2000WK
CRASH PAD,"GARNISH ASSY-C/PAD C. GARNISH ASSY-C/PAD CTR,LH (MISTY GRAY (=APOLLON GRAY))",84790P2000GYT
CRASH PAD,"GARNISH ASSY-C/PAD CTR,LH (BLACK)",84790P2100WK
CRASH PAD,"COVER ASSY-C/PAD MAI. COVER ASSY-C/PAD MAIN SIDE,LH (DARK METAL PAINT)",84780P2000M2P
CRASH PAD,"COVER ASSY-C/PAD MAI. COVER ASSY-C/PAD MAIN SIDE,RH (BRUSHED TOM FILM)",84785P2250TF2
CRASH PAD,"COVER ASSY-C/PAD MAI. COVER ASSY-C/PAD MAIN SIDE,RH (DARK METAL PAINT)",84785P2050M2P
CRASH PAD,COVER ASSY-C/PAD TOP (BLACK),84770P2000WK
CRASH PAD,PANEL ASSY-CLUSTER F. PANEL ASSY-CLUSTER FACIA (BLACK),84830P2000WK
CRASH PAD,PANEL ASSY-CLUSTER F. PANEL ASSY-CLUSTER FACIA (BLACK),84830P2100WK
CRASH PAD,SHROUD-STEERING COLU. SHROUD-STEERING COLUMN LWR (BLACK),84852P2200WK
CRASH PAD,SHROUD-STEERING COLUMN LWR (BLACK),84852P2000WK
CRASH PAD,LABEL-C/PAD(A/BAG WA. LABEL-C/PAD(A/BAG WARN'G). LABEL-C/PAD(A/BAG WARN`G),852612D700
CRASH PAD,"NOZZLE ASSY-SIDE DEF. NOZZLE ASSY-SIDE DEFROSTER,RH (BLACK)",97393P2000WK
CRASH PAD,"DUCT ASSY-SIDE AIR V. DUCT ASSY-SIDE AIR VENT,LH (FINE METAL CHROME)",97480P2100FMH
CRASH PAD,"DUCT ASSY-SIDE AIR V. DUCT ASSY-SIDE AIR VENT,LH (FINE METAL SILVER)",97480P2000FMS
CRASH PAD,"DUCT ASSY-SIDE AIR V. DUCT ASSY-SIDE AIR VENT,LH (MQ4 C/PAD SIDE(N2V)+AVENT(FMH))",97480P2100MDN
CRASH PAD,"DUCT ASSY-SIDE AIR V. DUCT ASSY-SIDE AIR VENT,RH (FINE METAL CHROME)",97490P2100FMH
CRASH PAD,"DUCT ASSY-SIDE AIR V. DUCT ASSY-SIDE AIR VENT,RH (FINE METAL SILVER)",97490P2000FMS
CRASH PAD,COVER ASSY-C/PAD SID. COVER ASSY-C/PAD SIDE RH (BLACK),84766P4000WK
CRASH PAD,COVER ASSY-C/PAD SID. COVER ASSY-C/PAD SIDE RH (TRITON NAVY),84766P4000N2V
CRASH PAD,LAMP ASSY-GLOVE BOX,84547P2000
CRASH PAD,"NOZZLE ASSY-SIDE DEF. NOZZLE ASSY-SIDE DEFROSTER,LH (BLACK)",97383P2000WK
CRASH PAD,"NOZZLE ASSY-SIDE DEF. NOZZLE ASSY-SIDE DEFROSTER,LH (TRITON NAVY)",97383P2000N2V
CRASH PAD,"COVER-DISPLAY RR,LH",847F4R5AB0
CRASH PAD,GARNISH-CRASH PAD D/SIDE LWR (BLACK),847G5R5AA0WK
CRASH PAD,GARNISH-CRASH PAD D/SIDE LWR (MISTY GRAY (=APOLLON GRAY)),847G5R5AA0GYT
CRASH PAD,SCREW-TAPPING,1245205163
CRASH PAD,SCREW-TAPPING,1245205163
CRASH PAD,T/SCREW,1245105163
CRASH PAD,BOLT ASSY-HEAD LAMP. BOLT ASSY-HEAD LAMP MTG,921621C000
CRASH PAD,BOLT-FLANGE,84434J9000
CRASH PAD,BOLT-WASHER ASSY,1198308883
CRASH PAD,T/SCREW,1245105163
CRASH PAD,SPRING NUT,0A84705000
CRASH PAD,NUT-FLANGE. NUT-WASHER ASSY,1339508007K
CRASH PAD,BOLT-WASHER ASSY,844343X000
CRASH PAD,PAD-ANTINOISE,84799F3000
CRASH PAD,BAR ASSY-COWL CROSS,84410R5AA0
CRASH PAD,GLOVE BOX ASSY (BLACK),84510R5AA0WK
CRASH PAD,GLOVE BOX ASSY (MISTY GRAY (=APOLLON GRAY)),84510R5AA0GYT
CRASH PAD,"BEZEL-GLOVE BOX STRI. BEZEL-GLOVE BOX STRIKER,LH (BLACK)",84763R5000WK
CRASH PAD,"BEZEL-GLOVE BOX STRI. BEZEL-GLOVE BOX STRIKER,LH (MISTY GRAY (=APOLLON GRAY))",84763R5000GYT
CRASH PAD,"BEZEL-GLOVE BOX STRI. BEZEL-GLOVE BOX STRIKER,RH (BLACK)",84764R5000WK
CRASH PAD,"BEZEL-GLOVE BOX STRI. BEZEL-GLOVE BOX STRIKER,RH (MISTY GRAY (=APOLLON GRAY))",84764R5000GYT
CRASH PAD,CRASH PAD ASSY-MAIN (BLACK),84710R5500WK
CRASH PAD,CRASH PAD ASSY-MAIN (BLACK),84710R5600WK
CRASH PAD,PAD-CRASH PAD MAIN,84714S9000
CRASH PAD,BRACKET-C/PAD MAIN SUPT,84724R5AA0
CRASH PAD,GRILLE ASSY-CTR SPEAKER (BLACK),84715R5500WK
CRASH PAD,"GRILLE-SPEAKER,RH (BLACK)",84726R5000WK
CRASH PAD,"GRILLE-SPEAKER,LH (BLACK)",84725R5000WK
CRASH PAD,BLANK-HEAD UP DISPLAY (BLACK),84775R5AA0WK
CRASH PAD,PANEL-CRASH MAIN CENTER (BLACK),84760R5600WK
CRASH PAD,PANEL-CRASH MAIN CENTER (BLACK),84760R5800WK
CRASH PAD,PANEL-CRASH MAIN CENTER (MISTY GRAY (=APOLLON GRAY)),84760R5800GYT
CRASH PAD,GROMMET-C/PAD MAIN G. GROMMET-C/PAD MAIN GUIDE SIDE,84727R5000
CRASH PAD,CLIP-TRIM MT'G. CLIP-TRIM MTG,847472L000
CRASH PAD,CLIP-TRIM MT'G. CLIP-TRIM MTG,847472L000
CRASH PAD,"PANEL ASSY-LOWER CRASH PAD,LH (BLACK)",84750R5AA0WK
CRASH PAD,"PANEL ASSY-LOWER CRASH PAD,LH (MISTY GRAY (=APOLLON GRAY))",84750R5AA0GYT
CRASH PAD,COVER ASSY-C/PAD SIDE LH (BLACK),84765R5500WK
CRASH PAD,COVER ASSY-C/PAD SIDE LH (MISTY GRAY (=APOLLON GRAY)),84765R5500GYT
CRASH PAD,COVER ASSY-C/PAD SIDE RH (BLACK),84766R5500WK
CRASH PAD,COVER ASSY-C/PAD SIDE RH (MISTY GRAY (=APOLLON GRAY)),84766R5500GYT
CRASH PAD,SCREW-TAPPING,846872F000
CRASH PAD,COVER ASSY-FUSE BOX (BLACK),84753R5AA0WK
CRASH PAD,COVER ASSY-FUSE BOX (MISTY GRAY (=APOLLON GRAY)),84753R5AA0GYT
CRASH PAD,"GARNISH ASSY-C/PAD CTR,LH. GARNISH ASSY-C/PAD CTR,RH (FINE METAL SILVER)",84790R5AA0FMS
CRASH PAD,"GARNISH ASSY-C/PAD CTR,LH. GARNISH ASSY-C/PAD CTR,RH (FINE METAL SILVER)",84790R5AB0FMS
CRASH PAD,"GARNISH ASSY-C/PAD CTR,LH. GARNISH ASSY-C/PAD CTR,RH (FMH DARK VER.)",84790R5AE0FMD
CRASH PAD,"GARNISH ASSY-C/PAD CTR,LH. GARNISH ASSY-C/PAD CTR,RH (FMH DARK VER.)",84790R5AF0FMD
CRASH PAD,"GARNISH ASSY-C/PAD CTR,RH (FINE METAL SILVER)",84795R5AA0FMS
CRASH PAD,"GARNISH ASSY-C/PAD CTR,RH (FINE METAL SILVER)",84795R5AB0FMS
CRASH PAD,"GARNISH ASSY-C/PAD CTR,RH (FMH DARK VER.)",84795R5AE0FMD
CRASH PAD,"GARNISH ASSY-C/PAD CTR,RH (FMH DARK VER.)",84795R5AF0FMD
CRASH PAD,"GARNISH ASSY-C/PAD CTR,LH. GARNISH ASSY-C/PAD CTR,RH (FINE METAL SILVER)",84790R5AA0FMS
CRASH PAD,"GARNISH ASSY-C/PAD CTR,LH. GARNISH ASSY-C/PAD CTR,RH (FINE METAL SILVER)",84790R5AB0FMS
CRASH PAD,"GARNISH ASSY-C/PAD CTR,LH. GARNISH ASSY-C/PAD CTR,RH (FMH DARK VER.)",84790R5AE0FMD
CRASH PAD,"GARNISH ASSY-C/PAD CTR,LH. GARNISH ASSY-C/PAD CTR,RH (FMH DARK VER.)",84790R5AF0FMD
CRASH PAD,COVER ASSY-C/PAD TOP (BLACK),84770R5AA0WK
CRASH PAD,SHROUD-STEERING COLU. SHROUD-STEERING COLUMN LWR (BLACK),84852R5200WK
CRASH PAD,LABEL-C/PAD(A/BAG WA. LABEL-C/PAD(A/BAG WARN'G). LABEL-C/PAD(A/BAG WARN`G),852612D700
CRASH PAD,SWITCH ASSY-HAZARD,93790P2AA0
CRASH PAD,SENSOR ASSY-INCAR,97268J5000
CRASH PAD,"NOZZLE ASSY-SIDE DEFROSTER,LH (BLACK)",97383R5500WK
CRASH PAD,"NOZZLE ASSY-SIDE DEFROSTER,RH (BLACK)",97393R5500WK
CRASH PAD,CONNECTOR ASSY-HEATER TO AIR V,97470R5500
CRASH PAD,LAMP ASSY-GLOVE BOX,84547P2000
EMBLEM,EMBLEM-SORENTO,86310P2700
EMBLEM,EMBLEM-KIA. LOGO ASSY-KIA,86305R5500
EMBLEM,EMBLEM-KIA. LOGO ASSY-KIA,86305R5500
EMBLEM,EMBLEM-X PRO,86315R5800
EMBLEM,EMBLEM-4X,86316P2700
EMBLEM,EMBLEM-SORENTO,86310P2700
EMBLEM,EMBLEM-KIA. EMBLEM-SYMBOL MARK K. EMBLEM-SYMBOL MARK KIA,86300R5200
EMBLEM,EMBLEM-X LINE,86315R5700
FENDER & HOOD PANEL,"INSULATOR-FENDER UPP. INSULATOR-FENDER UPPER,LH",841E6R5000
FENDER & HOOD PANEL,"INSULATOR-FENDER UPP. INSULATOR-FENDER UPPER,RH",841F6R5000
FENDER & HOOD PANEL,BOLT,1140308181
FENDER & HOOD PANEL,NUT-FLANGE. NUT-WASHER ASSY,1339508007K
FENDER & HOOD PANEL,BOLT,284172F000
FENDER & HOOD PANEL,BOLT,793593B010
FENDER & HOOD PANEL,INSULATOR-FENDER LH,84116P2000
FENDER & HOOD PANEL,INSULATOR-FENDER RH,84126P2000
FENDER & HOOD PANEL,"INSULATOR-FENDER UPP. INSULATOR-FENDER UPPER,LH",841E6R5000
FENDER & HOOD PANEL,"INSULATOR-FENDER UPP. INSULATOR-FENDER UPPER,RH",841F6R5000
FENDER & HOOD PANEL,BOLT,1140308181
FENDER & HOOD PANEL,NUT,K9YB160601
FENDER & HOOD PANEL,BOLT-FLANGE,1140806141
FENDER & HOOD PANEL,"PANEL ASSY-FENDER,LH",66310R5600
FENDER & HOOD PANEL,"PANEL ASSY-FENDER,RH",66320R5600
FENDER & HOOD PANEL,PANEL ASSY-HOOD,66400R5500
FENDER & HOOD PANEL,"HINGE ASSY-HOOD,LH",66910R5500
FENDER & HOOD PANEL,"HINGE ASSY-HOOD,RH",66920R5500
FENDER & HOOD PANEL,BOLT,793593B010
FENDER & HOOD PANEL,INSULATOR-FENDER LH,84116P2000
FENDER & HOOD PANEL,INSULATOR-FENDER RH,84126P2000
